participant_id,trial_index,stimulus_file,probe_y_px,x_left_px,x_right_px,x_left_norm,x_right_norm,task_x_left_norm,task_x_right_norm,x1_norm,x2_norm,x3_norm,x4_norm,x5_norm,response1_ui,response2_ui,response3_ui,response4_ui,response5_ui,trial_view_seconds
p001,1,CC.png,356,69,761,0.08635794743429287,0.9524405506883604,0.08635794743429287,0.9524405506883604,0.23070505261421204,0.37505215406417847,0.5193992257118225,0.6637463569641113,0.8080934286117554,0.08245614171028137,0.13684210181236267,0.33859649300575256,0.1508771926164627,0.10350877046585083,65.50749731063843
