{
  "participant_id": "p001",
  "task_type": "cross_section_fixed_ends_five_movable",
  "depth_convention": "nearer_is_larger",
  "cue_depth_targets_available": true,
  "cue_depth_seed": 1234,
  "response_values_are_absolute_depth_near": true,
  "y_range_ui": [
    -0.18972211897373198,
    0.20404365479946135
  ],
  "y_range_depth_near": [
    -0.18972211897373198,
    0.20404365479946135
  ],
  "responses": [
    {
      "participant_id": "p001",
      "trial_index": 1,
      "stimulus_file": "CC.png",
      "probe_y_px": 356,
      "x_left_px": 69,
      "x_right_px": 761,
      "x_left_norm": 0.08635794743429287,
      "x_right_norm": 0.9524405506883604,
      "task_x_left_norm": 0.08635794743429287,
      "task_x_right_norm": 0.9524405506883604,
      "anchor_left_depth_near": 0.002841989044100046,
      "anchor_right_depth_near": -0.0733388289809227,
      "anchor_left_depth_near_texture": -0.006398496683686972,
      "anchor_right_depth_near_texture": -0.07342859357595444,
      "anchor_left_gap": -0.009240485727787018,
      "anchor_right_gap": -8.976459503173828e-05,
      "cue_probe_v": 0.273486349150472,
      "cue_probe_y_frac": 0.42050520059435365,
      "trial_view_seconds": 60.36939787864685,
      "x1_norm": 0.23070505261421204,
      "response1_ui": -0.009854814037680626,
      "response1_depth_near": -0.009854814037680626,
      "shading_depth1_near": 0.11389753967523575,
      "texture_depth1_near": 0.04537908732891083,
      "x2_norm": 0.37505215406417847,
      "response2_ui": -0.02255161665380001,
      "response2_depth_near": -0.02255161665380001,
      "shading_depth2_near": 0.0159074068069458,
      "texture_depth2_near": 0.028575563803315163,
      "x3_norm": 0.5193992257118225,
      "response3_ui": -0.035248421132564545,
      "response3_depth_near": -0.035248421132564545,
      "shading_depth3_near": -0.007770621683448553,
      "texture_depth3_near": -0.03015284612774849,
      "x4_norm": 0.6637463569641113,
      "response4_ui": -0.04794522374868393,
      "response4_depth_near": -0.04794522374868393,
      "shading_depth4_near": 0.16593728959560394,
      "texture_depth4_near": -0.15161575376987457,
      "x5_norm": 0.8080934286117554,
      "response5_ui": -0.060642026364803314,
      "response5_depth_near": -0.060642026364803314,
      "shading_depth5_near": 0.12809975445270538,
      "texture_depth5_near": -0.039724890142679214
    }
  ]
}