participant_id,trial_index,stimulus_file,probe_y_px,x_left_px,x_right_px,x_left_norm,x_right_norm,task_x_left_norm,task_x_right_norm,anchor_left_depth_near,anchor_right_depth_near,anchor_left_depth_near_texture,anchor_right_depth_near_texture,anchor_left_gap,anchor_right_gap,cue_probe_v,cue_probe_y_frac,x1_norm,x2_norm,x3_norm,x4_norm,x5_norm,response1_ui,response2_ui,response3_ui,response4_ui,response5_ui,response1_depth_near,response2_depth_near,response3_depth_near,response4_depth_near,response5_depth_near,shading_depth1_near,shading_depth2_near,shading_depth3_near,shading_depth4_near,shading_depth5_near,texture_depth1_near,texture_depth2_near,texture_depth3_near,texture_depth4_near,texture_depth5_near,trial_view_seconds
p001,1,CC.png,356,69,761,0.08635794743429287,0.9524405506883604,0.08635794743429287,0.9524405506883604,0.002841989044100046,-0.0733388289809227,-0.006398496683686972,-0.07342859357595444,-0.009240485727787018,-8.976459503173828e-05,0.273486349150472,0.42050520059435365,0.23070505261421204,0.37505215406417847,0.5193992257118225,0.6637463569641113,0.8080934286117554,-0.009854814037680626,-0.02255161665380001,-0.035248421132564545,-0.04794522374868393,-0.060642026364803314,-0.009854814037680626,-0.02255161665380001,-0.035248421132564545,-0.04794522374868393,-0.060642026364803314,0.11389753967523575,0.0159074068069458,-0.007770621683448553,0.16593728959560394,0.12809975445270538,0.04537908732891083,0.028575563803315163,-0.03015284612774849,-0.15161575376987457,-0.039724890142679214,60.36939787864685
