{
  "participant_id": "p01",
  "x_positions": [
    0.10000000149011612,
    0.30000001192092896,
    0.5,
    0.699999988079071,
    0.8999999761581421
  ],
  "y_range": [
    -0.2451816350221634,
    0.3500119149684906
  ],
  "targets": {
    "shape_a_depth_raw_at_5dots": [
      0.24516050517559052,
      -0.19611677527427673,
      0.09322160482406616,
      0.06378671526908875,
      -0.1259469985961914
    ],
    "shape_b_depth_raw_at_5dots": [
      0.23524707555770874,
      0.309260755777359,
      0.0016398895531892776,
      -0.1438918262720108,
      -0.04544072598218918
    ],
    "shape_a_depth_ui_at_5dots": [
      -0.1403302252292633,
      0.30094707012176514,
      0.011608675122261047,
      0.041043564677238464,
      0.23077727854251862
    ],
    "shape_b_depth_ui_at_5dots": [
      -0.13041679561138153,
      -0.2044304758310318,
      0.10319039225578308,
      0.248722106218338,
      0.1502709984779358
    ]
  },
  "responses": [
    {
      "participant_id": "p01",
      "trial_index": 1,
      "stimulus_file": "panel4_shading-high-1.00_texture-high-70.png",
      "dot1": 0.14587096869945526,
      "dot2": -0.09899374842643738,
      "dot3": -0.14598269760608673,
      "dot4": -0.10891364514827728,
      "dot5": 0.012213468551635742,
      "dot1_ui": -0.04104068875312805,
      "dot2_ui": 0.2038240283727646,
      "dot3_ui": 0.25081297755241394,
      "dot4_ui": 0.2137439250946045,
      "dot5_ui": 0.09261681139469147,
      "trial_view_seconds": 15.679371118545532,
      "a_rmse_abs": 0.15838164153059023,
      "b_rmse_abs": 0.20049924499682906,
      "a_rmse_affine": 0.0962427019574792,
      "b_rmse_affine": 0.09958622037250746,
      "a_corr": 0.42854879101906906,
      "b_corr": 0.3548919627494195,
      "best_match_abs": "A",
      "best_match_affine": "A"
    },
    {
      "participant_id": "p01",
      "trial_index": 2,
      "stimulus_file": "panel4_shading-high-1.00_texture-low-20.png",
      "dot1": 0.052415139973163605,
      "dot2": 0.052415139973163605,
      "dot3": 0.052415139973163605,
      "dot4": 0.052415139973163605,
      "dot5": 0.052415139973163605,
      "dot1_ui": 0.052415139973163605,
      "dot2_ui": 0.052415139973163605,
      "dot3_ui": 0.052415139973163605,
      "dot4_ui": 0.052415139973163605,
      "dot5_ui": 0.052415139973163605,
      "trial_view_seconds": 0.9186370372772217,
      "a_rmse_abs": 0.16280443573622336,
      "b_rmse_abs": 0.1732555964930973,
      "a_rmse_affine": 3.469446951953614e-17,
      "b_rmse_affine": 7.601177430610146e-18,
      "a_corr": NaN,
      "b_corr": NaN,
      "best_match_abs": "A",
      "best_match_affine": "B"
    },
    {
      "participant_id": "p01",
      "trial_index": 3,
      "stimulus_file": "panel4_shading-high-1.00_texture-med-30.png",
      "dot1": 0.052415139973163605,
      "dot2": 0.052415139973163605,
      "dot3": 0.052415139973163605,
      "dot4": 0.052415139973163605,
      "dot5": 0.052415139973163605,
      "dot1_ui": 0.052415139973163605,
      "dot2_ui": 0.052415139973163605,
      "dot3_ui": 0.052415139973163605,
      "dot4_ui": 0.052415139973163605,
      "dot5_ui": 0.052415139973163605,
      "trial_view_seconds": 0.4003779888153076,
      "a_rmse_abs": 0.16280443573622336,
      "b_rmse_abs": 0.1732555964930973,
      "a_rmse_affine": 3.469446951953614e-17,
      "b_rmse_affine": 7.601177430610146e-18,
      "a_corr": NaN,
      "b_corr": NaN,
      "best_match_abs": "A",
      "best_match_affine": "B"
    },
    {
      "participant_id": "p01",
      "trial_index": 4,
      "stimulus_file": "panel4_shading-low-0.20_texture-high-70.png",
      "dot1": 0.052415139973163605,
      "dot2": 0.052415139973163605,
      "dot3": 0.052415139973163605,
      "dot4": 0.052415139973163605,
      "dot5": 0.052415139973163605,
      "dot1_ui": 0.052415139973163605,
      "dot2_ui": 0.052415139973163605,
      "dot3_ui": 0.052415139973163605,
      "dot4_ui": 0.052415139973163605,
      "dot5_ui": 0.052415139973163605,
      "trial_view_seconds": 0.2456190586090088,
      "a_rmse_abs": 0.16280443573622336,
      "b_rmse_abs": 0.1732555964930973,
      "a_rmse_affine": 3.469446951953614e-17,
      "b_rmse_affine": 7.601177430610146e-18,
      "a_corr": NaN,
      "b_corr": NaN,
      "best_match_abs": "A",
      "best_match_affine": "B"
    },
    {
      "participant_id": "p01",
      "trial_index": 5,
      "stimulus_file": "panel4_shading-low-0.20_texture-low-20.png",
      "dot1": 0.052415139973163605,
      "dot2": 0.052415139973163605,
      "dot3": 0.052415139973163605,
      "dot4": 0.052415139973163605,
      "dot5": 0.052415139973163605,
      "dot1_ui": 0.052415139973163605,
      "dot2_ui": 0.052415139973163605,
      "dot3_ui": 0.052415139973163605,
      "dot4_ui": 0.052415139973163605,
      "dot5_ui": 0.052415139973163605,
      "trial_view_seconds": 0.5060679912567139,
      "a_rmse_abs": 0.16280443573622336,
      "b_rmse_abs": 0.1732555964930973,
      "a_rmse_affine": 3.469446951953614e-17,
      "b_rmse_affine": 7.601177430610146e-18,
      "a_corr": NaN,
      "b_corr": NaN,
      "best_match_abs": "A",
      "best_match_affine": "B"
    },
    {
      "participant_id": "p01",
      "trial_index": 6,
      "stimulus_file": "panel4_shading-low-0.20_texture-med-30.png",
      "dot1": 0.052415139973163605,
      "dot2": 0.052415139973163605,
      "dot3": 0.052415139973163605,
      "dot4": 0.052415139973163605,
      "dot5": 0.052415139973163605,
      "dot1_ui": 0.052415139973163605,
      "dot2_ui": 0.052415139973163605,
      "dot3_ui": 0.052415139973163605,
      "dot4_ui": 0.052415139973163605,
      "dot5_ui": 0.052415139973163605,
      "trial_view_seconds": 0.2406148910522461,
      "a_rmse_abs": 0.16280443573622336,
      "b_rmse_abs": 0.1732555964930973,
      "a_rmse_affine": 3.469446951953614e-17,
      "b_rmse_affine": 7.601177430610146e-18,
      "a_corr": NaN,
      "b_corr": NaN,
      "best_match_abs": "A",
      "best_match_affine": "B"
    },
    {
      "participant_id": "p01",
      "trial_index": 7,
      "stimulus_file": "panel4_shading-med-0.65_texture-high-70.png",
      "dot1": 0.052415139973163605,
      "dot2": 0.052415139973163605,
      "dot3": 0.052415139973163605,
      "dot4": 0.052415139973163605,
      "dot5": 0.052415139973163605,
      "dot1_ui": 0.052415139973163605,
      "dot2_ui": 0.052415139973163605,
      "dot3_ui": 0.052415139973163605,
      "dot4_ui": 0.052415139973163605,
      "dot5_ui": 0.052415139973163605,
      "trial_view_seconds": 0.8200922012329102,
      "a_rmse_abs": 0.16280443573622336,
      "b_rmse_abs": 0.1732555964930973,
      "a_rmse_affine": 3.469446951953614e-17,
      "b_rmse_affine": 7.601177430610146e-18,
      "a_corr": NaN,
      "b_corr": NaN,
      "best_match_abs": "A",
      "best_match_affine": "B"
    },
    {
      "participant_id": "p01",
      "trial_index": 8,
      "stimulus_file": "panel4_shading-med-0.65_texture-low-20.png",
      "dot1": 0.052415139973163605,
      "dot2": 0.052415139973163605,
      "dot3": 0.052415139973163605,
      "dot4": 0.052415139973163605,
      "dot5": 0.052415139973163605,
      "dot1_ui": 0.052415139973163605,
      "dot2_ui": 0.052415139973163605,
      "dot3_ui": 0.052415139973163605,
      "dot4_ui": 0.052415139973163605,
      "dot5_ui": 0.052415139973163605,
      "trial_view_seconds": 0.2154240608215332,
      "a_rmse_abs": 0.16280443573622336,
      "b_rmse_abs": 0.1732555964930973,
      "a_rmse_affine": 3.469446951953614e-17,
      "b_rmse_affine": 7.601177430610146e-18,
      "a_corr": NaN,
      "b_corr": NaN,
      "best_match_abs": "A",
      "best_match_affine": "B"
    },
    {
      "participant_id": "p01",
      "trial_index": 9,
      "stimulus_file": "panel4_shading-med-0.65_texture-med-30.png",
      "dot1": 0.052415139973163605,
      "dot2": 0.052415139973163605,
      "dot3": 0.052415139973163605,
      "dot4": 0.052415139973163605,
      "dot5": 0.052415139973163605,